City,Population,Violent crime,Murder and Non-Negligent Manslaughter,Rape,Robbery,Aggravated Assault,Property Crime,Burglary,Larceny-theft,Motor vehicle theft,Arson
Addison,"37,370",85,1,24,19,41,726,92,605,29,2
Albers,"1,177",0,0,0,0,0,4,0,4,0,0
Aledo,"3,575",0,0,0,0,0,80,20,59,1,0
Alexis,815,0,0,0,0,0,3,1,2,0,0
Algonquin,"30,497",23,0,6,1,16,406,25,376,5,14
Alsip,"19,462",29,1,0,27,1,564,81,439,44,2
Altamont,"2,301",1,0,0,0,1,46,6,39,1,0
Alton,"27,003",132,1,26,31,74,"1,328",291,985,52,12
Amboy,"2,356",4,0,2,0,2,17,2,13,2,2
Anna,"4,307",12,0,2,0,10,127,24,100,3,1
Annawan,857,1,0,0,0,1,17,1,16,0,0
Antioch,"14,398",13,0,4,2,7,178,20,152,6,1
Arcola,"2,889",5,0,0,0,5,9,2,6,1,0
Arlington Heights,"76,241",42,1,6,15,20,648,78,560,10,7
Arthur,"2,280",2,0,0,0,2,23,7,14,2,0
Ashland,"1,278",0,0,0,0,0,4,0,2,2,0
Atwood,"1,194",1,0,0,0,1,2,1,1,0,0
Auburn,"4,814",6,0,0,0,6,36,6,30,0,0
Aurora,"201,034",650,9,60,130,451,"3,089",471,"2,458",160,12
Aviston,"2,101",3,0,1,1,1,3,1,2,0,0
Bannockburn,"1,573",0,0,0,0,0,17,0,17,0,0
Barrington Hills,"4,269",0,0,0,0,0,28,1,27,0,0
Barry,"1,271",0,0,0,0,0,0,0,0,0,0
Bartlett,"41,725",26,0,3,4,19,191,10,173,8,1
Bartonville,"6,414",22,0,6,3,13,214,27,182,5,0
Batavia,"26,485",28,0,4,7,17,349,21,323,5,3
Beecher,"4,483",5,0,0,1,4,59,13,45,1,1
Belgium,400,0,0,0,0,0,0,0,0,0,0
Belleville,"42,150",236,0,36,57,143,"1,657",391,"1,218",48,15
Bellwood,"19,170",96,0,12,35,49,384,79,259,46,0
Benld,"1,490",3,0,0,0,3,16,0,16,0,1
Bensenville,"18,518",18,0,6,5,7,223,31,173,19,0
Benton,"6,997",24,0,4,0,20,63,24,39,0,0
Berkeley,"5,235",15,0,1,8,6,88,15,67,6,0
Bethalto,"9,347",15,0,7,2,6,115,16,91,8,0
Blandinsville,623,0,0,0,0,0,1,0,1,0,0
Bloomington,"79,233",305,0,61,42,202,"1,460",264,"1,121",75,8
Bluffs,686,0,0,0,0,0,3,1,2,0,0
Bolingbrook,"74,356",136,2,24,22,88,991,79,866,46,1
Bourbonnais,"18,504",25,0,4,1,20,268,20,245,3,0
Bradley,"15,622",30,0,2,8,20,579,60,513,6,1
Braidwood,"6,174",5,0,0,2,3,95,15,75,5,0
Bridgeview,"16,499",48,0,3,18,27,403,36,346,21,2
Brighton,"2,207",2,0,0,0,2,9,6,3,0,0
Broadview,"7,965",25,0,5,13,7,317,34,265,18,2
Buffalo Grove,"41,760",2,0,0,0,2,234,54,173,7,0
Bunker Hill,"1,716",3,0,1,0,2,23,5,17,1,0
Burbank,"29,287",46,0,5,11,30,342,65,250,27,1
Burnham,"4,233",11,0,0,0,11,112,20,81,11,0
Burr Ridge,"10,809",2,0,1,0,1,90,12,67,11,0
Byron,"3,644",1,0,0,0,1,29,3,26,0,0
Cahokia,"14,432",26,0,6,11,9,556,131,403,22,1
Cairo,"2,519",96,0,3,3,90,150,51,92,7,8
Calumet City,"37,248",228,4,22,118,84,"1,636",273,"1,211",152,9
Cambria,"1,268",1,0,0,0,1,11,3,6,2,0
Cambridge,"2,111",0,0,0,0,0,17,3,14,0,0
Campton Hills,"11,366",4,0,2,0,2,36,15,20,1,0
Canton,"14,210",26,0,7,2,17,237,45,187,5,2
Carbondale,"26,321",102,1,26,30,45,840,206,601,33,5
Carlinville,"5,716",20,0,2,1,17,195,27,165,3,1
Carlyle,"3,226",9,0,1,0,8,61,2,56,3,0
Carol Stream,"40,499",60,0,7,25,28,384,50,321,13,3
Carpentersville,"38,571",34,0,4,22,8,552,80,464,8,1
Carrollton,"2,386",9,0,4,0,5,36,12,24,0,0
Carterville,"5,837",10,0,0,1,9,56,18,38,0,1
Carthage,"2,527",2,0,1,0,1,31,10,18,3,0
Cary,"17,919",11,0,4,0,7,112,33,79,0,2
Caseyville,"4,051",33,2,9,3,19,131,39,81,11,1
Catlin,"2,018",1,0,1,0,0,12,4,8,0,0
Centralia,"12,669",98,3,16,8,71,587,124,441,22,1
Centreville,"5,033",82,0,3,10,69,205,55,123,27,8
Champaign,"85,362",584,4,42,132,406,"2,412",472,"1,850",90,8
Channahon,"12,625",4,0,0,2,2,49,5,42,2,0
Charleston,"21,831",61,0,5,4,52,87,31,53,3,1
Chatham,"12,357",12,0,3,1,8,98,14,81,3,1
Chenoa,"3,227",0,0,0,0,0,3,2,1,0,0
Cherry Valley,"3,097",16,0,0,6,10,306,20,275,11,0
Chester,"8,381",19,0,7,3,9,88,21,66,1,2
Chicago,"2,728,695","24,663",478,"1,432","9,649","13,104","80,395","13,151","57,022","10,222",534
Chicago Heights,"30,461",183,0,22,105,56,861,125,666,70,25
Chicago Ridge,"14,463",14,0,2,8,4,504,46,442,16,3
Chillicothe,"6,146",13,0,1,0,12,88,7,80,1,0
Cicero,"84,375",191,2,12,86,91,"1,652",365,"1,089",198,23
Clarendon Hills,"8,714",1,0,0,0,1,53,4,47,2,2
Coal City,"5,505",4,0,0,0,4,68,4,63,1,1
Coal Valley,"3,748",1,0,1,0,0,19,7,12,0,1
Cobden,"1,142",6,0,0,0,6,8,0,8,0,0
Colchester,"1,343",0,0,0,0,0,2,1,1,0,0
Colfax,"1,053",1,0,0,0,1,12,2,9,1,0
Colona,"5,095",2,0,1,0,1,65,13,50,2,0
Columbia,"10,224",3,1,1,1,0,100,36,60,4,0
Cortland,"4,353",7,0,3,0,4,57,6,51,0,1
Country Club Hills,"16,944",54,1,7,18,28,447,59,357,31,0
Cowden,588,2,0,0,0,2,1,0,1,0,0
Crest Hill,"20,748",30,1,6,12,11,269,92,163,14,5
Crete,"8,211",14,0,4,4,6,138,27,106,5,1
Creve Coeur,"5,344",59,0,8,2,49,129,19,105,5,1
Crystal Lake,"40,426",59,0,9,7,43,749,48,692,9,0
Danville,"32,056",452,0,52,87,313,"2,037",705,"1,255",77,11
Darien,"22,367",11,0,2,4,5,344,30,308,6,1
Davis,647,0,0,0,0,0,0,0,0,0,0
Decatur,"73,499",379,6,38,120,215,"2,399",649,"1,680",70,25
Deer Creek,692,0,0,0,0,0,9,2,5,2,0
Deerfield,"18,418",7,0,0,2,5,116,22,87,7,0
De Kalb,"44,046",209,1,45,29,134,"1,109",140,951,18,11
Delavan,"1,657",4,0,0,0,4,56,19,37,0,0
De Pue,"1,743",0,0,0,0,0,10,2,8,0,0
De Soto,"1,583",3,0,0,0,3,12,3,9,0,0
Des Plaines,"59,078",50,0,5,12,33,635,95,508,32,5
Diamond,"2,495",0,0,0,0,0,18,0,18,0,0
Divernon,"1,160",1,0,0,0,1,5,1,4,0,0
Dixon,"15,181",27,0,19,4,4,252,28,215,9,0
Downers Grove,"49,917",29,0,6,3,20,676,77,570,29,6
Dupo,"3,930",24,0,2,0,22,92,40,48,4,0
Du Quoin,"5,860",15,1,1,1,12,91,8,76,7,0
Dwight,"4,087",6,0,1,2,3,28,9,18,1,0
Earlville,"1,633",2,0,0,0,2,25,4,21,0,0
East Alton,"6,195",17,0,11,1,5,155,34,116,5,2
East Dubuque,"1,662",1,0,0,0,1,38,12,24,2,0
East Dundee,"3,289",1,0,0,1,0,132,13,119,0,1
East Hazel Crest,"1,554",1,0,0,0,1,47,17,22,8,0
East Moline,"21,143",69,0,9,15,45,504,106,382,16,4
East Peoria,"23,359",96,0,20,4,72,639,170,454,15,2
East St. Louis,"26,616",889,19,42,146,682,804,234,388,182,12
Edinburg,"1,051",1,0,1,0,0,7,5,2,0,0
Edwardsville,"24,876",30,0,3,5,22,297,27,263,7,1
Effingham,"12,643",39,0,6,3,30,442,64,365,13,4
Eldorado,"4,061",9,1,0,0,8,158,50,103,5,0
Elgin,"111,832",261,3,37,68,153,"1,488",256,"1,161",71,11
Elizabeth,749,2,0,0,0,2,3,1,2,0,0
Elk Grove Village,"33,436",30,1,7,8,14,479,41,398,40,3
Elmhurst,"46,152",13,0,3,4,6,486,64,412,10,1
Elmwood,"2,102",1,0,0,0,1,15,3,12,0,1
Elmwood Park,"24,969",25,0,3,9,13,285,36,224,25,1
El Paso,"2,803",6,0,0,0,6,28,4,23,1,0
Energy,"1,144",0,0,0,0,0,9,2,6,1,0
Erie,"1,534",1,0,0,0,1,7,1,6,0,0
Eureka,"5,387",16,0,1,0,15,35,4,30,1,0
Evanston,"75,930",131,3,0,51,77,"1,815",313,"1,440",62,6
Evergreen Park,"19,953",30,0,2,13,15,625,33,571,21,0
Fairfield,"5,064",29,0,5,0,24,116,27,87,2,0
Fairmont City,"2,505",5,0,0,1,4,16,2,13,1,0
Fairmount,618,0,0,0,0,0,4,1,3,0,0
Fairview Heights,"16,851",44,1,9,10,24,725,52,653,20,2
Farmington,"2,334",3,0,0,0,3,63,9,52,2,0
Fayetteville,341,3,0,0,0,3,6,3,2,1,0
Findlay,660,1,0,1,0,0,6,0,6,0,0
Fisher,"1,980",3,0,2,0,1,27,6,20,1,0
Fithian,470,0,0,0,0,0,0,0,0,0,0
Flora,"4,953",3,0,0,0,3,132,6,125,1,0
Flossmoor,"9,535",5,1,0,1,3,103,20,81,2,1
Forest Park,"14,202",42,0,6,21,15,505,55,426,24,0
Forest View,697,0,0,0,0,0,52,1,20,31,0
Forreston,"1,380",3,0,2,0,1,10,1,9,0,0
Fox Lake,"10,565",18,0,0,3,15,167,28,139,0,0
Fox River Grove,"4,683",7,0,2,0,5,55,11,43,1,1
Frankfort,"18,599",7,0,0,3,4,150,18,127,5,0
Franklin Park,"18,420",21,0,4,8,9,273,64,185,24,3
Freeburg,"4,261",8,0,0,0,8,28,4,24,0,1
Freeport,"24,664",67,1,17,14,35,649,127,511,11,9
Fulton,"3,331",1,0,0,0,1,28,14,14,0,0
Galena,"3,305",3,0,2,0,1,57,10,46,1,1
Galesburg,"31,529",131,1,17,17,96,890,187,675,28,3
Geneseo,"6,517",6,0,3,0,3,100,5,94,1,0
Geneva,"21,798",11,0,1,1,9,205,20,185,0,2
Genoa,"5,232",11,0,2,1,8,63,10,48,5,1
Georgetown,"3,365",14,0,2,0,12,69,19,46,4,1
Germantown,"1,289",4,0,0,0,4,24,2,21,1,0
Gibson City,"3,390",15,0,1,1,13,39,13,26,0,0
Gifford,"1,005",2,0,1,0,1,10,2,8,0,1
Gilberts,"7,727",0,0,0,0,0,25,1,24,0,0
Gillespie,"3,182",11,1,1,2,7,44,13,31,0,0
Gilman,"1,754",1,0,0,0,1,67,12,50,5,0
Glasford,"1,009",0,0,0,0,0,0,0,0,0,0
Glen Carbon,"12,949",3,0,0,0,3,132,10,119,3,7
Glencoe,"8,971",1,0,0,0,1,80,6,71,3,0
Glendale Heights,"34,602",48,0,15,12,21,561,53,501,7,1
Glen Ellyn,"27,856",24,0,3,9,12,275,37,233,5,1
Glenview,"47,292",28,0,6,6,16,513,90,409,14,1
Glenwood,"9,046",18,0,0,9,9,176,53,116,7,0
Godfrey,"17,726",23,0,4,1,18,386,47,333,6,1
Godley,688,1,0,1,0,0,4,2,2,0,0
Golf,508,1,0,1,0,0,1,0,1,0,0
Goodfield,926,0,0,0,0,0,85,4,81,0,0
Grafton,657,0,0,0,0,0,13,4,9,0,0
Grandview,"1,431",6,0,0,1,5,21,9,10,2,0
Grantfork,328,0,0,0,0,0,12,2,7,3,0
Grant Park,"1,291",0,0,0,0,0,13,0,13,0,0
Grayslake,"21,048",38,0,7,5,26,304,39,256,9,2
Grayville,"1,632",7,0,0,0,7,35,11,23,1,0
Greenfield,"1,019",5,0,1,0,4,9,4,5,0,0
Greenup,"1,481",8,0,0,0,8,12,1,9,2,0
Greenville,"6,847",2,0,0,0,2,52,13,37,2,0
Gurnee,"31,194",24,1,7,5,11,"1,318",74,"1,227",17,3
Hampshire,"6,081",8,0,0,0,8,31,3,27,1,0
Hampton,"1,844",0,0,0,0,0,19,2,17,0,0
Hanover,813,3,0,0,1,2,14,3,11,0,1
Hanover Park,"38,600",46,0,5,15,26,258,40,209,9,1
Hartford,"1,378",2,0,1,0,1,27,3,24,0,0
Harvard,"9,179",14,0,1,0,13,98,22,73,3,0
Harvey,"25,361",299,5,23,149,122,976,361,471,144,10
Harwood Heights,"8,690",11,0,2,3,6,188,19,148,21,0
Havana,"3,079",16,0,3,0,13,82,11,70,1,1
Hawthorn Woods,"7,905",1,0,0,0,1,28,5,22,1,0
Hazel Crest,"14,200",57,1,8,26,22,425,110,279,36,0
Henning,246,0,0,0,0,0,4,4,0,0,0
Henry,"2,306",7,0,1,0,6,24,2,20,2,0
Herrin,"12,932",29,1,7,5,16,362,91,252,19,0
Herscher,"1,560",1,0,0,0,1,17,3,13,1,0
Heyworth,"2,922",3,0,1,0,2,19,8,11,0,0
Hickory Hills,"14,206",18,0,4,6,8,138,24,108,6,0
Highland,"9,880",8,0,1,1,6,106,17,87,2,0
Highland Park,"29,897",23,0,7,0,16,296,37,239,20,1
Highwood,"5,378",4,0,0,0,4,40,10,28,2,0
Hillsboro,"6,060",28,0,2,1,25,68,15,53,0,0
Hillsdale,510,0,0,0,0,0,7,1,6,0,0
Hinckley,"2,071",2,0,2,0,0,10,1,8,1,0
Hinsdale,"17,601",3,0,1,2,0,171,24,141,6,1
Hodgkins,"1,877",5,0,0,1,4,313,4,303,6,0
Hoffman Estates,"52,450",39,0,3,10,26,428,68,340,20,1
Homer,"1,210",0,0,0,0,0,5,1,4,0,0
Homer Glen,"24,389",5,0,0,2,3,153,30,120,3,0
Hometown,"4,369",6,0,0,1,5,47,3,39,5,0
Homewood,"19,496",21,0,1,15,5,516,62,434,20,1
Hoopeston,"5,236",38,0,10,2,26,178,77,93,8,2
Hopedale,855,0,0,0,0,0,13,5,8,0,0
Hudson,"1,863",1,0,1,0,0,12,1,9,2,0
Huntley,"25,927",6,1,0,0,5,218,20,197,1,0
Ina,"2,327",2,0,0,0,2,14,1,13,0,0
Indian Head Park,"3,846",3,0,1,0,2,17,1,15,1,0
Indianola,271,0,0,0,0,0,0,0,0,0,0
Inverness,"7,639",0,0,0,0,0,8,3,4,1,0
Island Lake,"8,018",9,0,3,0,6,65,8,53,4,0
Itasca,"8,835",4,0,3,0,1,104,10,89,5,1
Jacksonville,"19,088",60,1,5,4,50,551,79,468,4,2
Jerome,"1,658",3,0,0,0,3,35,9,26,0,0
Jerseyville,"8,549",28,0,18,0,10,237,33,199,5,2
Johnsburg,"6,285",7,0,2,1,4,144,9,130,5,0
Joliet,"147,991",461,10,44,114,293,"3,555",837,"2,599",119,54
Justice,"13,044",16,0,0,6,10,127,28,89,10,0
Kenilworth,"2,574",0,0,0,0,0,34,2,31,1,0
Kewanee,"12,522",48,0,17,1,30,434,51,377,6,0
Kildeer,"3,969",0,0,0,0,0,26,2,24,0,1
Kincaid,"1,438",4,0,0,0,4,34,13,18,3,0
Kingston,"1,164",2,0,0,0,2,6,2,4,0,0
Kirkland,"1,744",2,0,0,0,2,7,2,4,1,0
Lacon,"1,807",1,0,0,0,1,11,3,8,0,0
Ladd,"1,241",0,0,0,0,0,4,0,3,1,0
La Grange,"15,808",11,0,4,2,5,136,33,99,4,0
La Grange Park,"13,685",3,0,0,1,2,79,5,69,5,0
La Harpe,"1,192",1,0,0,0,1,10,2,8,0,0
Lake Bluff,"5,695",1,0,0,0,1,54,7,46,1,0
Lake Forest,"19,376",4,0,0,0,4,143,32,111,0,0
Lake in the Hills,"28,868",19,0,5,0,14,129,13,116,0,1
Lakemoor,"6,002",1,0,0,0,1,29,4,25,0,0
Lake Villa,"8,859",8,0,1,1,6,71,6,65,0,2
Lakewood,"3,800",1,0,1,0,0,4,0,4,0,0
Lake Zurich,"20,143",8,0,1,2,5,288,26,262,0,2
Lansing,"28,555",84,3,8,55,18,"1,399",177,"1,152",70,3
La Salle,"9,256",5,0,0,0,5,235,30,202,3,0
Lawrenceville,"4,392",15,0,1,0,14,74,33,33,8,0
Lemont,"16,801",5,0,3,1,1,176,21,147,8,4
Lenzburg,493,1,0,0,0,1,7,3,4,0,0
Le Roy,"3,611",4,0,1,0,3,61,17,41,3,0
Libertyville,"20,555",12,0,0,3,9,220,24,193,3,0
Lincoln,"14,082",41,0,4,9,28,342,53,274,15,2
Lincolnshire,"7,295",1,0,0,0,1,50,7,41,2,1
Lincolnwood,"12,710",12,0,0,6,6,391,47,332,12,1
Lindenhurst,"14,484",3,0,3,0,0,64,7,57,0,0
Lisle,"22,917",17,0,8,6,3,193,32,156,5,1
Litchfield,"6,882",7,0,0,1,6,229,33,189,7,1
Lockport,"25,166",10,0,3,2,5,231,34,191,6,2
Lombard,"44,008",48,0,11,16,21,855,77,766,12,3
Loves Park,"23,440",80,0,8,18,54,612,106,472,34,3
Lovington,"1,104",2,0,0,0,2,11,1,10,0,0
Lyons,"10,783",12,0,2,3,7,122,14,99,9,1
Machesney Park,"22,923",68,1,11,6,50,408,91,300,17,2
Macomb,"18,859",71,0,15,3,53,269,55,207,7,2
Mahomet,"8,130",8,0,4,0,4,51,11,38,2,0
Malta,"1,158",0,0,0,0,0,1,0,1,0,0
Manhattan,"7,357",6,0,0,0,6,22,3,18,1,1
Maple Park,"1,314",0,0,0,0,0,9,0,9,0,0
Marengo,"7,472",3,0,1,0,2,77,15,59,3,1
Marine,934,1,0,0,0,1,12,5,6,1,0
Marissa,"1,859",12,0,3,0,9,36,6,28,2,7
Maroa,"1,745",4,0,0,0,4,10,4,6,0,0
Marquette Heights,"2,782",2,0,0,0,2,17,2,15,0,0
Marseilles,"4,965",9,0,2,0,7,71,11,60,0,0
Marshall,"3,920",1,0,0,0,1,23,5,17,1,0
Martinsville,"1,148",3,0,1,0,2,31,4,27,0,0
Maryville,"7,902",8,0,3,0,5,82,15,64,3,0
Mascoutah,"7,951",3,0,1,0,2,38,9,29,0,0
Matteson,"19,190",51,0,4,28,19,597,71,486,40,0
Mattoon,"18,123",83,0,23,4,56,365,75,286,4,7
Maywood,"24,141",235,13,24,85,113,631,221,312,98,5
McCook,232,2,0,0,0,2,33,7,22,4,0
McCullom Lake,"1,020",0,0,0,0,0,1,1,0,0,0
McHenry,"26,534",38,0,6,4,28,280,24,250,6,0
McLean,821,1,0,0,0,1,7,3,4,0,0
Melrose Park,"25,532",31,3,5,9,14,284,43,200,41,1
Mendota,"7,227",5,0,1,1,3,98,33,65,0,1
Metropolis,"6,349",39,0,6,3,30,292,52,228,12,0
Midlothian,"14,932",27,2,3,15,7,359,121,225,13,2
Milan,"5,090",12,0,3,2,7,92,17,75,0,0
Milledgeville,979,0,0,0,0,0,10,2,7,1,0
Millstadt,"3,907",3,0,0,0,3,24,2,22,0,0
Mokena,"19,618",14,0,4,3,7,238,23,211,4,1
Moline,"42,482",179,1,28,19,131,"1,294",174,"1,105",15,3
Monmouth,"9,548",36,0,7,4,25,179,29,148,2,1
Montgomery,"19,520",23,0,12,3,8,245,35,209,1,1
Monticello,"5,509",4,0,0,0,4,34,8,26,0,0
Morris,"14,258",14,0,3,2,9,305,53,248,4,9
Morrison,"4,124",9,0,4,0,5,24,3,20,1,0
Morton,"16,554",8,0,1,0,7,125,24,98,3,0
Morton Grove,"23,548",12,0,0,5,7,253,53,192,8,0
Mount Carmel,"6,975",22,0,0,0,22,113,23,88,2,4
Mount Carroll,"1,615",1,0,0,0,1,37,4,33,0,0
Mount Olive,"2,014",3,0,0,0,3,4,1,3,0,0
Mount Prospect,"55,119",37,0,3,12,22,502,54,433,15,0
Mount Pulaski,"1,519",3,0,0,0,3,2,1,1,0,0
Mount Vernon,"15,154",203,2,19,31,151,912,196,704,12,17
Mount Zion,"5,899",8,0,2,0,6,30,6,22,2,0
Moweaqua,"1,764",2,0,0,0,2,9,2,6,1,0
Mundelein,"31,687",19,0,10,3,6,287,30,249,8,3
Murphysboro,"7,770",33,0,3,7,23,327,58,269,0,0
Naperville,"147,101",128,0,14,27,87,"1,652",161,"1,458",33,3
Nashville,"3,123",31,0,0,0,31,75,6,66,3,0
New Athens,"1,957",2,0,0,0,2,16,2,14,0,0
New Baden,"3,323",0,0,0,0,0,33,0,33,0,7
New Berlin,"1,357",0,0,0,0,0,9,1,8,0,0
New Lenox,"25,682",27,0,9,6,12,264,44,214,6,3
Niles,"30,044",26,0,2,7,17,534,73,448,13,2
Nokomis,"2,180",5,0,0,0,5,27,4,23,0,0
Normal,"55,096",120,0,38,17,65,"1,175",194,948,33,1
Norridge,"14,697",10,0,2,3,5,495,32,451,12,0
North Aurora,"17,492",13,0,2,4,7,221,35,182,4,0
Northbrook,"33,768",13,0,5,6,2,355,43,306,6,2
Northfield,"5,497",1,0,1,0,0,35,3,30,2,0
Northlake,"12,382",11,1,1,2,7,258,39,216,3,0
North Riverside,"6,703",15,0,0,10,5,411,10,392,9,0
Oak Brook,"8,108",10,0,1,1,8,499,23,474,2,0
Oakbrook Terrace,"2,180",3,0,1,0,2,98,11,86,1,0
Oak Forest,"28,222",38,0,8,13,17,272,50,205,17,0
Oak Lawn,"57,112",71,0,8,22,41,816,107,671,38,1
Oakwood,"1,530",3,0,0,2,1,16,4,12,0,0
Oakwood Hills,"2,067",0,0,0,0,0,13,0,12,1,0
Oblong,"1,416",5,0,0,0,5,21,9,12,0,0
O'Fallon,"29,159",36,0,11,7,18,488,52,421,15,2
Okawville,"1,395",3,0,0,0,3,14,1,11,2,0
Old Shawneetown,176,0,0,0,0,0,1,0,1,0,0
Olney,"9,006",19,0,5,1,13,256,30,214,12,4
Olympia Fields,"5,058",6,0,4,1,1,121,15,104,2,0
Onarga,"1,321",0,0,0,0,0,12,8,4,0,0
Orion,"1,827",2,0,0,0,2,18,3,14,1,0
Orland Park,"59,161",26,0,1,11,14,"1,203",32,"1,157",14,1
Oswego,"33,774",26,0,11,3,12,458,33,418,7,1
Ottawa,"18,350",24,0,2,2,20,446,46,399,1,2
Palatine,"69,583",36,0,8,15,13,603,18,569,16,2
Palestine,"1,321",14,0,2,0,12,23,3,19,1,0
Palos Heights,"12,616",0,0,0,0,0,66,4,59,3,1
Palos Hills,"17,660",8,0,1,1,6,104,19,78,7,0
Palos Park,"4,919",0,0,0,0,0,35,4,29,2,0
Paris,"8,419",26,0,3,0,23,216,74,122,20,2
Park City,"7,410",7,0,4,1,2,130,38,77,15,0
Park Forest,"22,046",73,1,15,26,31,398,95,283,20,5
Patoka,564,0,0,0,0,0,0,0,0,0,0
Pawnee,"2,721",1,0,0,0,1,4,4,0,0,0
Paxton,"4,310",25,0,4,2,19,84,22,61,1,0
Pecatonica,"2,123",5,0,2,0,3,16,2,14,0,0
Pekin,"33,759",114,1,24,6,83,756,95,631,30,3
Peoria,"116,066",772,14,64,310,384,"4,448","1,084","3,224",140,38
Peoria Heights,"6,006",33,0,10,4,19,168,48,113,7,3
Peotone,"4,133",0,0,0,0,0,31,4,23,4,0
Peru,"9,948",18,0,3,2,13,195,20,173,2,0
Petersburg,"2,206",8,0,0,0,8,17,5,12,0,0
Phoenix,"1,970",13,0,1,5,7,54,25,22,7,0
Pierron,566,0,0,0,0,0,0,0,0,0,0
Pinckneyville,"5,509",2,0,0,0,2,36,7,29,0,0
Pittsfield,"4,473",7,0,0,2,5,75,11,62,2,0
Plainfield,"42,706",39,1,10,7,21,348,44,294,10,2
Plano,"11,247",5,0,0,5,0,126,11,112,3,0
Pleasant Hill,938,0,0,0,0,0,1,1,0,0,0
Pleasant Plains,804,0,0,0,0,0,5,0,5,0,0
Pontoon Beach,"5,631",6,0,1,2,3,82,11,67,4,3
Posen,"6,029",7,0,0,5,2,99,29,62,8,1
Potomac,724,0,0,0,0,0,6,2,4,0,0
Prairie Grove,"1,868",0,0,0,0,0,4,1,3,0,0
Princeton,"7,357",19,0,2,2,15,108,21,86,1,0
Prophetstown,"1,990",0,0,0,0,0,0,0,0,0,0
Prospect Heights,"16,456",14,0,1,2,11,112,19,86,7,0
Quincy,"40,834",205,5,31,9,160,"1,104",231,841,32,6
Raleigh,347,0,0,0,0,0,8,2,6,0,0
Rankin,540,0,0,0,0,0,0,0,0,0,0
Rantoul,"13,138",61,0,14,9,38,455,129,305,21,9
Red Bud,"3,587",5,0,1,0,4,28,6,19,3,0
Richmond,"1,899",6,0,0,1,5,28,5,22,1,0
Richton Park,"13,775",39,0,7,25,7,315,57,233,25,0
Ridge Farm,855,0,0,0,0,0,5,2,3,0,0
River Forest,"11,216",19,1,0,5,13,260,75,182,3,3
River Grove,"10,281",17,0,2,5,10,130,29,85,16,1
Riverside,"8,882",57,0,0,0,57,83,11,71,1,0
Riverton,"3,475",14,0,1,0,13,57,6,49,2,1
Riverwoods,"3,658",0,0,0,0,0,26,5,21,0,0
Robinson,"7,600",21,0,0,0,21,138,21,108,9,1
Rochester,"3,788",6,0,2,0,4,23,4,18,1,1
Rockdale,"1,952",2,0,0,1,1,9,2,4,3,0
Rock Falls,"8,982",26,0,3,2,21,139,56,83,0,0
Rockford,"148,178","2,349",19,148,504,"1,678","5,856","1,440","3,928",488,63
Rock Island,"38,551",170,2,3,22,143,906,168,678,60,10
Rolling Meadows,"24,321",17,0,3,3,11,215,26,184,5,0
Roscoe,"10,559",10,0,0,0,10,105,23,77,5,0
Roselle,"23,094",16,0,3,7,6,152,18,130,4,6
Rosemont,"4,231",35,1,3,4,27,301,10,276,15,0
Round Lake,"18,584",21,0,4,2,15,173,25,145,3,0
Round Lake Beach,"27,983",47,0,16,10,21,534,47,479,8,1
Round Lake Heights,"2,731",2,0,0,0,2,34,3,29,2,0
Roxana,"1,484",9,0,2,1,6,32,3,29,0,0
Ruma,318,0,0,0,0,0,0,0,0,0,0
Rushville,"3,083",3,0,0,0,3,24,3,21,0,0
Salem,"7,298",20,1,12,2,5,315,54,253,8,6
Sauget,152,3,1,0,1,1,80,4,63,13,0
Savanna,"2,869",7,0,2,1,4,82,18,62,2,0
Schaumburg,"75,050",55,1,13,18,23,"1,820",127,"1,652",41,2
Schiller Park,"11,871",14,1,2,5,6,205,33,161,11,1
Shawneetown,"1,155",4,0,1,0,3,18,7,10,1,0
Sherman,"4,600",3,0,1,0,2,22,6,15,1,0
Shiloh,"13,023",23,1,2,5,15,204,37,159,8,2
Shorewood,"16,796",17,2,4,0,11,198,22,165,11,0
Sidell,592,0,0,0,0,0,0,0,0,0,0
Silvis,"7,529",26,0,6,2,18,232,30,201,1,0
Skokie,"65,184",154,0,15,29,110,"1,333",229,"1,055",49,3
Sleepy Hollow,"3,348",1,0,0,0,1,11,2,9,0,0
Smithton,"3,738",3,0,0,1,2,14,2,12,0,0
South Barrington,"4,883",1,0,0,1,0,51,9,42,0,0
South Beloit,"7,677",21,0,4,4,13,109,22,78,9,0
South Chicago Heights,"4,161",12,0,0,6,6,156,17,134,5,1
South Elgin,"22,280",18,0,0,2,16,264,18,244,2,0
South Holland,"22,169",66,1,6,43,16,460,74,342,44,1
South Jacksonville,"3,256",0,0,0,0,0,4,2,2,0,0
South Pekin,"1,136",4,0,0,0,4,25,6,19,0,0
South Roxana,"2,000",10,0,10,0,0,29,14,13,2,1
Springfield,"116,875","1,251",11,103,257,880,"5,321","1,131","3,997",193,57
Spring Grove,"5,712",0,0,0,0,0,25,1,23,1,1
Spring Valley,"5,314",4,0,1,1,2,70,18,52,0,0
Stanford,586,1,0,0,0,1,8,3,5,0,0
St. Anne,"1,222",3,0,0,0,3,25,8,17,0,0
Staunton,"5,019",13,0,2,0,11,42,8,34,0,1
St. Charles,"33,489",22,0,3,4,15,407,42,356,9,2
Steger,"9,552",31,0,3,10,18,319,61,242,16,2
St. Elmo,"1,400",3,0,0,0,3,29,2,26,1,0
Sterling,"14,909",39,0,19,7,13,558,71,473,14,2
Stickney,"6,825",6,0,1,3,2,82,3,75,4,1
St. Jacob,"1,159",2,0,0,0,2,8,1,7,0,0
Stockton,"1,795",5,0,2,0,3,46,10,34,2,0
Streamwood,"40,451",50,0,5,12,33,580,50,516,14,1
Streator,"13,189",54,0,26,8,20,550,80,460,10,7
Summit,"11,547",36,1,1,12,22,196,20,139,37,4
Sycamore,"17,813",16,0,3,1,12,206,12,186,8,1
Taylorville,"10,898",5,0,0,1,4,101,30,65,6,3
Thomasboro,"1,145",4,0,2,0,2,24,9,12,3,0
Thornton,"2,403",2,0,0,2,0,35,7,27,1,0
Tilton,"2,629",11,0,3,1,7,41,9,32,0,0
Tinley Park,"57,403",55,0,6,12,37,678,81,581,16,2
Tolono,"3,512",3,0,2,0,1,34,10,22,2,0
Tonica,738,0,0,0,0,0,2,2,0,0,0
Tower Lakes,"1,261",0,0,0,0,0,5,1,4,0,0
Troy,"10,019",15,0,1,1,13,70,12,53,5,0
Tuscola,"4,458",33,0,0,0,33,70,13,54,3,0
University Park,"7,087",13,1,2,7,3,87,14,68,5,0
Valmeyer,"1,261",0,0,0,0,0,10,1,9,0,0
Vernon Hills,"26,132",12,0,1,6,5,516,61,451,4,1
Vienna,"1,436",3,0,1,0,2,12,4,7,1,0
Villa Park,"22,067",21,0,8,4,9,399,21,364,14,0
Virden,"3,406",8,0,3,0,5,89,27,59,3,0
Virginia,"1,537",1,0,0,0,1,3,0,3,0,0
Warren,"1,381",7,0,1,1,5,11,4,7,0,0
Warrensburg,"1,168",4,0,0,0,4,12,4,8,0,0
Warrenville,"13,373",13,0,6,4,3,118,12,100,6,0
Warsaw,"1,544",4,0,2,0,2,12,6,2,4,0
Washington,"15,962",7,0,1,0,6,143,40,103,0,0
Washington Park,"4,003",70,1,0,19,50,149,22,109,18,1
Waterloo,"10,224",1,0,0,0,1,29,1,28,0,0
Wauconda,"13,954",6,0,2,1,3,95,13,79,3,0
Waukegan,"88,855",386,1,17,160,208,"2,415",490,"1,796",129,27
Waverly,"1,266",0,0,0,0,0,2,2,0,0,0
Westchester,"16,827",14,0,7,3,4,222,39,177,6,1
West Chicago,"27,578",22,1,6,10,5,358,67,273,18,3
West Dundee,"7,405",1,0,0,1,0,126,8,118,0,0
Western Springs,"13,359",1,0,0,0,1,42,10,31,1,0
West Frankfort,"8,025",2,0,0,2,0,163,68,83,12,1
Westmont,"25,034",23,0,3,7,13,326,51,267,8,5
Westville,"3,109",12,0,2,0,10,41,14,26,1,0
Wheaton,"53,800",23,0,2,9,12,388,60,321,7,5
Wheeling,"38,092",50,0,8,10,32,406,73,324,9,0
White Hall,"2,416",6,0,1,0,5,39,21,17,1,0
Willowbrook,"8,651",13,0,2,3,8,138,15,116,7,0
Willow Springs,"5,720",2,0,0,1,1,22,3,18,1,0
Wilmette,"27,531",7,0,2,1,4,372,64,298,10,0
Wilmington,"5,703",5,0,0,1,4,51,9,39,3,0
Winfield,"9,679",3,0,1,0,2,27,4,21,2,0
Winnebago,"3,008",0,0,0,0,0,35,2,33,0,0
Winnetka,"12,563",2,0,1,0,1,89,12,75,2,0
Winthrop Harbor,"6,722",13,0,8,0,5,68,13,50,5,0
Witt,868,0,0,0,0,0,10,6,4,0,0
Wood Dale,"13,986",7,0,0,3,4,171,23,142,6,0
Woodridge,"33,473",31,1,8,11,11,374,40,321,13,7
Woodstock,"25,262",30,1,9,3,17,342,46,285,11,0
Worth,"10,848",9,0,0,2,7,97,22,64,11,1
Yates City,675,1,0,0,0,1,6,1,5,0,0
Yorkville,"18,379",22,0,9,3,10,159,21,132,6,1
Zion,"24,239",149,3,28,32,86,732,180,494,58,7
